TSLast,TSActive,TSInactive,TSAckn,TValue,TType,LValue1,LType1,LValue2,LType2,GroupId,AlarmId,ClassId,Priority,State,OffsetLast,OffsetActive,OffsetInactive,OffsetAckn
133014715045000000,133014715045000000,,,1,0,,29,,29,5,1,3,100,2,300,300,-1,-1
133014719666500000,133014719666500000,,,1,0,,29,,29,5,2,3,100,2,300,300,-1,-1
133014719666510000,133014719666510000,,,1,0,,29,,29,5,3,3,100,2,300,300,-1,-1
133014719666510000,133014719666510000,,,1,0,,29,,29,5,4,3,100,2,300,300,-1,-1
133014720205510000,133014720205510000,,,1,0,,29,,29,7,1,3,100,2,300,300,-1,-1
133014720590510000,133014720590510000,,,1,0,,29,,29,7,8,3,100,2,300,300,-1,-1
133014720909510000,133014720909510000,,,1,0,,29,,29,7,15,3,100,2,300,300,-1,-1
133014720927510000,133014720927510000,,,1,0,,29,,29,12,9,1,10,2,300,300,-1,-1
133014726647500000,133014726647500000,,,1,0,,29,,29,5,5,3,100,2,300,300,-1,-1
133014726647510000,133014726647510000,,,1,0,,29,,29,5,6,3,100,2,300,300,-1,-1
133014733288020000,133014733288020000,,,1,0,,29,,29,12,15,1,10,2,300,300,-1,-1
133014733289010000,133014733289010000,,,1,0,,29,,29,7,25,3,100,2,300,300,-1,-1
133014733289010000,133014733289010000,,,1,0,,29,,29,7,27,3,100,2,300,300,-1,-1
133015494462500000,133015494462500000,,,1,0,,29,,29,5,32,3,100,2,300,300,-1,-1
133015494463990000,133015494463990000,,,1,0,,29,,29,5,1,3,100,2,300,300,-1,-1
133015494479490000,133015494479490000,,,1,0,,29,,29,5,2,3,100,2,300,300,-1,-1
133015494479500000,133015494479500000,,,1,0,,29,,29,5,3,3,100,2,300,300,-1,-1
133015494479500000,133015494479500000,,,1,0,,29,,29,5,4,3,100,2,300,300,-1,-1
133015494479500000,133015494479500000,,,1,0,,29,,29,5,5,3,100,2,300,300,-1,-1
133015494479500000,133015494479500000,,,1,0,,29,,29,5,6,3,100,2,300,300,-1,-1
133015494479510000,133015494479510000,,,1,0,,29,,29,7,1,3,100,2,300,300,-1,-1
133015494479510000,133015494479510000,,,1,0,,29,,29,7,8,3,100,2,300,300,-1,-1
133015494479520000,133015494479520000,,,1,0,,29,,29,7,15,3,100,2,300,300,-1,-1
133015494479520000,133015494479520000,,,1,0,,29,,29,7,25,3,100,2,300,300,-1,-1
133015494479530000,133015494479530000,,,1,0,,29,,29,7,27,3,100,2,300,300,-1,-1
133015494488520000,133015494479530000,133015494488520000,,1,0,,29,,29,12,1,1,10,0,300,300,300,-1
133015494488520000,133015494479530000,133015494488520000,,1,0,,29,,29,12,5,1,10,0,300,300,300,-1
133015494479540000,133015494479540000,,,1,0,,29,,29,12,9,1,10,2,300,300,-1,-1
133015494488520000,133015494479540000,133015494488520000,,1,0,,29,,29,12,13,1,10,0,300,300,300,-1
133015494479560000,133015494479560000,,,1,0,,29,,29,12,15,1,10,2,300,300,-1,-1
133015494489490000,133015494489490000,,,1,0,,29,,29,10,1,1,10,2,300,300,-1,-1
133015494489500000,133015494489500000,,,1,0,,29,,29,10,5,1,10,2,300,300,-1,-1
133015494489500000,133015494489500000,,,1,0,,29,,29,10,13,1,10,2,300,300,-1,-1
133015494489510000,133015494489510000,,,1,0,,29,,29,11,1,2,30,2,300,300,-1,-1
133015494489520000,133015494489520000,,,1,0,,29,,29,11,5,2,30,2,300,300,-1,-1
133015494489520000,133015494489520000,,,1,0,,29,,29,11,13,2,30,2,300,300,-1,-1
133015495027080000,133015495027080000,,,1,0,,29,,29,5,32,3,100,2,300,300,-1,-1
133015495028070000,133015495028070000,,,1,0,,29,,29,5,1,3,100,2,300,300,-1,-1
133015495043570000,133015495043570000,,,1,0,,29,,29,5,2,3,100,2,300,300,-1,-1
133015495043570000,133015495043570000,,,1,0,,29,,29,5,3,3,100,2,300,300,-1,-1
133015495043580000,133015495043580000,,,1,0,,29,,29,5,4,3,100,2,300,300,-1,-1
133015495043580000,133015495043580000,,,1,0,,29,,29,5,5,3,100,2,300,300,-1,-1
133015495043580000,133015495043580000,,,1,0,,29,,29,5,6,3,100,2,300,300,-1,-1
133015495043580000,133015495043580000,,,1,0,,29,,29,7,1,3,100,2,300,300,-1,-1
133015495043590000,133015495043590000,,,1,0,,29,,29,7,8,3,100,2,300,300,-1,-1
133015495043590000,133015495043590000,,,1,0,,29,,29,7,15,3,100,2,300,300,-1,-1
133015495043590000,133015495043590000,,,1,0,,29,,29,7,25,3,100,2,300,300,-1,-1
133015495043590000,133015495043590000,,,1,0,,29,,29,7,27,3,100,2,300,300,-1,-1
133015495057570000,133015495048570000,133015495057570000,,1,0,,29,,29,12,1,1,10,0,300,300,300,-1
133015495057580000,133015495048580000,133015495057580000,,1,0,,29,,29,12,5,1,10,0,300,300,300,-1
133015495048580000,133015495048580000,,,1,0,,29,,29,12,9,1,10,2,300,300,-1,-1
133015495057580000,133015495048580000,133015495057580000,,1,0,,29,,29,12,13,1,10,0,300,300,300,-1
133015495048590000,133015495048590000,,,1,0,,29,,29,12,15,1,10,2,300,300,-1,-1
133015501003070000,133015501003070000,,,1,0,,29,,29,12,13,1,10,2,300,300,-1,-1
133015516499370000,133015516499370000,,,1,0,,29,,29,5,32,3,100,2,300,300,-1,-1
133015516500870000,133015516500870000,,,1,0,,29,,29,5,1,3,100,2,300,300,-1,-1
133015516516870000,133015516516870000,,,1,0,,29,,29,5,2,3,100,2,300,300,-1,-1
133015516516880000,133015516516880000,,,1,0,,29,,29,5,3,3,100,2,300,300,-1,-1
133015516516880000,133015516516880000,,,1,0,,29,,29,5,4,3,100,2,300,300,-1,-1
133015516516880000,133015516516880000,,,1,0,,29,,29,5,5,3,100,2,300,300,-1,-1
133015516516880000,133015516516880000,,,1,0,,29,,29,5,6,3,100,2,300,300,-1,-1
133015516516890000,133015516516890000,,,1,0,,29,,29,7,1,3,100,2,300,300,-1,-1
133015516516890000,133015516516890000,,,1,0,,29,,29,7,8,3,100,2,300,300,-1,-1
133015516516890000,133015516516890000,,,1,0,,29,,29,7,15,3,100,2,300,300,-1,-1
133015516516890000,133015516516890000,,,1,0,,29,,29,7,25,3,100,2,300,300,-1,-1
133015516516890000,133015516516890000,,,1,0,,29,,29,7,27,3,100,2,300,300,-1,-1
133015516532370000,133015516519870000,133015516532370000,,1,0,,29,,29,12,1,1,10,0,300,300,300,-1
133015516532380000,133015516519880000,133015516532380000,,1,0,,29,,29,12,5,1,10,0,300,300,300,-1
133015516519880000,133015516519880000,,,1,0,,29,,29,12,9,1,10,2,300,300,-1,-1
133015516519880000,133015516519880000,,,1,0,,29,,29,12,13,1,10,2,300,300,-1,-1
133015517490370000,133015516519890000,133015517490370000,,1,0,,29,,29,12,15,1,10,0,300,300,300,-1
133015517503870000,133015517503870000,,,1,0,,29,,29,12,15,1,10,2,300,300,-1,-1
133015519741380000,133015519307370000,133015519741380000,,1,0,,29,,29,9,5,2,30,0,300,300,300,-1
133015519991870000,133015519742370000,133015519991870000,,1,0,,29,,29,10,5,1,10,0,300,300,300,-1
133015520192380000,133015519992870000,133015520192380000,,1,0,,29,,29,9,5,2,30,0,300,300,300,-1
133015520242370000,133015520193370000,133015520242370000,,1,0,,29,,29,10,5,1,10,0,300,300,300,-1
133015520258880000,133015520243370000,133015520258880000,,1,0,,29,,29,9,5,2,30,0,300,300,300,-1
133015520308870000,133015520259870000,133015520308870000,,1,0,,29,,29,10,5,1,10,0,300,300,300,-1
133015520492880000,133015520309870000,133015520492880000,,1,0,,29,,29,9,5,2,30,0,300,300,300,-1
133015520509370000,133015520493870000,133015520509370000,,1,0,,29,,29,10,5,1,10,0,300,300,300,-1
133015520676380000,133015520510370000,133015520676380000,,1,0,,29,,29,9,5,2,30,0,300,300,300,-1
133015520693370000,133015520677370000,133015520693370000,,1,0,,29,,29,10,5,1,10,0,300,300,300,-1
133015520860380000,133015520694370000,133015520860380000,,1,0,,29,,29,9,5,2,30,0,300,300,300,-1
133015520876870000,133015520861370000,133015520876870000,,1,0,,29,,29,10,5,1,10,0,300,300,300,-1
133015521027380000,133015520877870000,133015521027380000,,1,0,,29,,29,9,5,2,30,0,300,300,300,-1
133015521043870000,133015521028370000,133015521043870000,,1,0,,29,,29,10,5,1,10,0,300,300,300,-1
133015521060380000,133015521044870000,133015521060380000,,1,0,,29,,29,9,5,2,30,0,300,300,300,-1
133015521061370000,133015521061370000,,,1,0,,29,,29,10,5,1,10,2,300,300,-1,-1
133016356253590000,133016356253590000,,,1,0,,29,,29,5,32,3,100,2,300,300,-1,-1
133016356255090000,133016356255090000,,,1,0,,29,,29,5,1,3,100,2,300,300,-1,-1
133016356270090000,133016356270090000,,,1,0,,29,,29,5,2,3,100,2,300,300,-1,-1
133016356270100000,133016356270100000,,,1,0,,29,,29,5,3,3,100,2,300,300,-1,-1
133016356270100000,133016356270100000,,,1,0,,29,,29,5,4,3,100,2,300,300,-1,-1
133016356270100000,133016356270100000,,,1,0,,29,,29,5,5,3,100,2,300,300,-1,-1
133016356270110000,133016356270110000,,,1,0,,29,,29,5,6,3,100,2,300,300,-1,-1
133016356270110000,133016356270110000,,,1,0,,29,,29,7,1,3,100,2,300,300,-1,-1
133016356270110000,133016356270110000,,,1,0,,29,,29,7,8,3,100,2,300,300,-1,-1
133016356270120000,133016356270120000,,,1,0,,29,,29,7,15,3,100,2,300,300,-1,-1
133016356270120000,133016356270120000,,,1,0,,29,,29,7,25,3,100,2,300,300,-1,-1
133016356270120000,133016356270120000,,,1,0,,29,,29,7,27,3,100,2,300,300,-1,-1
133016356295110000,133016356278590000,133016356295110000,,1,0,,29,,29,12,1,1,10,0,300,300,300,-1
133016356295110000,133016356278600000,133016356295110000,,1,0,,29,,29,12,5,1,10,0,300,300,300,-1
133016356278600000,133016356278600000,,,1,0,,29,,29,12,9,1,10,2,300,300,-1,-1
133016356278600000,133016356278600000,,,1,0,,29,,29,12,13,1,10,2,300,300,-1,-1
133016356278610000,133016356278610000,,,1,0,,29,,29,12,15,1,10,2,300,300,-1,-1
133016358933590000,133016356296090000,133016358933590000,,1,0,,29,,29,10,1,1,10,0,300,300,300,-1
133016358933600000,133016356296100000,133016358933600000,,1,0,,29,,29,10,5,1,10,0,300,300,300,-1
133016358933600000,133016356296100000,133016358933600000,,1,0,,29,,29,11,1,2,30,0,300,300,300,-1
133016358933600000,133016356296110000,133016358933600000,,1,0,,29,,29,11,5,2,30,0,300,300,300,-1
133016364987830000,133016364987830000,,,1,0,,29,,29,5,32,3,100,2,300,300,-1,-1
133016364988830000,133016364988830000,,,1,0,,29,,29,5,1,3,100,2,300,300,-1,-1
133016365014330000,133016365014330000,,,1,0,,29,,29,5,2,3,100,2,300,300,-1,-1
133016365014340000,133016365014340000,,,1,0,,29,,29,5,3,3,100,2,300,300,-1,-1
133016365014340000,133016365014340000,,,1,0,,29,,29,5,4,3,100,2,300,300,-1,-1
133016365014340000,133016365014340000,,,1,0,,29,,29,5,5,3,100,2,300,300,-1,-1
133016365014350000,133016365014350000,,,1,0,,29,,29,5,6,3,100,2,300,300,-1,-1
133016365014350000,133016365014350000,,,1,0,,29,,29,7,1,3,100,2,300,300,-1,-1
133016365014350000,133016365014350000,,,1,0,,29,,29,7,8,3,100,2,300,300,-1,-1
133016365014350000,133016365014350000,,,1,0,,29,,29,7,15,3,100,2,300,300,-1,-1
133016365014360000,133016365014360000,,,1,0,,29,,29,7,25,3,100,2,300,300,-1,-1
133016365014360000,133016365014360000,,,1,0,,29,,29,7,27,3,100,2,300,300,-1,-1
133016365039830000,133016365023830000,133016365039830000,,1,0,,29,,29,12,1,1,10,0,300,300,300,-1
133016365039840000,133016365023840000,133016365039840000,,1,0,,29,,29,12,5,1,10,0,300,300,300,-1
133016365023840000,133016365023840000,,,1,0,,29,,29,12,9,1,10,2,300,300,-1,-1
133016365023840000,133016365023840000,,,1,0,,29,,29,12,13,1,10,2,300,300,-1,-1
133016365023840000,133016365023840000,,,1,0,,29,,29,12,15,1,10,2,300,300,-1,-1
133016406490840000,133016406307330000,133016406490840000,,1,0,,29,,29,9,1,2,30,0,300,300,300,-1
133016427900830000,133016406491830000,133016427900830000,,1,0,,29,,29,10,1,1,10,0,300,300,300,-1
133016429003330000,133016427901830000,133016429003330000,,1,0,,29,,29,9,1,2,30,0,300,300,300,-1
133016429020330000,133016429020330000,,,1,0,,29,,29,9,1,2,30,2,300,300,-1,-1
133016429406030000,133016429406030000,,,1,0,,29,,29,5,32,3,100,2,300,300,-1,-1
133016429407530000,133016429407530000,,,1,0,,29,,29,5,1,3,100,2,300,300,-1,-1
133016429433530000,133016429433530000,,,1,0,,29,,29,5,2,3,100,2,300,300,-1,-1
133016429433530000,133016429433530000,,,1,0,,29,,29,5,3,3,100,2,300,300,-1,-1
133016429433540000,133016429433540000,,,1,0,,29,,29,5,4,3,100,2,300,300,-1,-1
133016429433540000,133016429433540000,,,1,0,,29,,29,5,5,3,100,2,300,300,-1,-1
133016429433540000,133016429433540000,,,1,0,,29,,29,5,6,3,100,2,300,300,-1,-1
133016429433540000,133016429433540000,,,1,0,,29,,29,7,1,3,100,2,300,300,-1,-1
133016429433540000,133016429433540000,,,1,0,,29,,29,7,8,3,100,2,300,300,-1,-1
133016429433550000,133016429433550000,,,1,0,,29,,29,7,15,3,100,2,300,300,-1,-1
133016429433550000,133016429433550000,,,1,0,,29,,29,7,25,3,100,2,300,300,-1,-1
133016429433550000,133016429433550000,,,1,0,,29,,29,7,27,3,100,2,300,300,-1,-1
133016429459040000,133016429442530000,133016429459040000,,1,0,,29,,29,12,1,1,10,0,300,300,300,-1
133016429459040000,133016429442540000,133016429459040000,,1,0,,29,,29,12,5,1,10,0,300,300,300,-1
133016429442540000,133016429442540000,,,1,0,,29,,29,12,9,1,10,2,300,300,-1,-1
133016429442550000,133016429442550000,,,1,0,,29,,29,12,13,1,10,2,300,300,-1,-1
133016429442550000,133016429442550000,,,1,0,,29,,29,12,15,1,10,2,300,300,-1,-1
133016430962040000,133016429460030000,133016430962040000,,1,0,,29,,29,9,1,2,30,0,300,300,300,-1
133016432365030000,133016430963030000,133016432365030000,,1,0,,29,,29,10,1,1,10,0,300,300,300,-1
133016432498540000,133016432366030000,133016432498540000,,1,0,,29,,29,9,1,2,30,0,300,300,300,-1
133016432532030000,133016432499530000,133016432532030000,,1,0,,29,,29,10,1,1,10,0,300,300,300,-1
133016432615540000,133016432533030000,133016432615540000,,1,0,,29,,29,9,1,2,30,0,300,300,300,-1
133016432632030000,133016432616530000,133016432632030000,,1,0,,29,,29,10,1,1,10,0,300,300,300,-1
133016432815540000,133016432633030000,133016432815540000,,1,0,,29,,29,9,1,2,30,0,300,300,300,-1
133016432849030000,133016432816530000,133016432849030000,,1,0,,29,,29,10,1,1,10,0,300,300,300,-1
133016433033040000,133016432850030000,133016433033040000,,1,0,,29,,29,9,1,2,30,0,300,300,300,-1
133016433066030000,133016433034030000,133016433066030000,,1,0,,29,,29,10,1,1,10,0,300,300,300,-1
133016433801040000,133016433067030000,133016433801040000,,1,0,,29,,29,9,1,2,30,0,300,300,300,-1
133016433851030000,133016433802030000,133016433851030000,,1,0,,29,,29,10,1,1,10,0,300,300,300,-1
133016433901040000,133016433851530000,133016433901040000,,1,0,,29,,29,9,1,2,30,0,300,300,300,-1
133016433918030000,133016433902030000,133016433918030000,,1,0,,29,,29,10,1,1,10,0,300,300,300,-1
133016447829540000,133016433919030000,133016447829540000,,1,0,,29,,29,9,1,2,30,0,300,300,300,-1
133016448447530000,133016447830030000,133016448447530000,,1,0,,29,,29,10,1,1,10,0,300,300,300,-1
133016448547540000,133016448448530000,133016448547540000,,1,0,,29,,29,9,1,2,30,0,300,300,300,-1
133016452034030000,133016448548030000,133016452034030000,,1,0,,29,,29,10,1,1,10,0,300,300,300,-1
133016452035030000,133016452035030000,,,1,0,,29,,29,9,1,2,30,2,300,300,-1,-1
133016459911030000,133016459911030000,,,1,0,,29,,29,5,7,3,100,2,300,300,-1,-1
133016459911030000,133016459911030000,,,1,0,,29,,29,5,8,3,100,2,300,300,-1,-1
133016460435540000,133016460435540000,,,1,0,,29,,29,9,22,2,30,2,300,300,-1,-1
133016460436530000,133016460436530000,,,1,0,,29,,29,7,43,3,100,2,300,300,-1,-1
133017225812860000,133017225812860000,,,1,0,,29,,29,5,32,3,100,2,300,300,-1,-1
133017225814360000,133017225814360000,,,1,0,,29,,29,5,1,3,100,2,300,300,-1,-1
133017225839860000,133017225839860000,,,1,0,,29,,29,5,2,3,100,2,300,300,-1,-1
133017225839860000,133017225839860000,,,1,0,,29,,29,5,3,3,100,2,300,300,-1,-1
133017225839860000,133017225839860000,,,1,0,,29,,29,5,4,3,100,2,300,300,-1,-1
133017225839870000,133017225839870000,,,1,0,,29,,29,5,5,3,100,2,300,300,-1,-1
133017225839870000,133017225839870000,,,1,0,,29,,29,5,6,3,100,2,300,300,-1,-1
133017225839870000,133017225839870000,,,1,0,,29,,29,5,7,3,100,2,300,300,-1,-1
133017225839870000,133017225839870000,,,1,0,,29,,29,5,8,3,100,2,300,300,-1,-1
133017225839870000,133017225839870000,,,1,0,,29,,29,7,1,3,100,2,300,300,-1,-1
133017225839880000,133017225839880000,,,1,0,,29,,29,7,8,3,100,2,300,300,-1,-1
133017225839880000,133017225839880000,,,1,0,,29,,29,7,15,3,100,2,300,300,-1,-1
133017225839880000,133017225839880000,,,1,0,,29,,29,7,25,3,100,2,300,300,-1,-1
133017225839880000,133017225839880000,,,1,0,,29,,29,7,27,3,100,2,300,300,-1,-1
133017225839880000,133017225839880000,,,1,0,,29,,29,7,43,3,100,2,300,300,-1,-1
133017225864380000,133017225847860000,133017225864380000,,1,0,,29,,29,12,1,1,10,0,300,300,300,-1
133017225864380000,133017225847870000,133017225864380000,,1,0,,29,,29,12,5,1,10,0,300,300,300,-1
133017225847870000,133017225847870000,,,1,0,,29,,29,12,9,1,10,2,300,300,-1,-1
133017225847880000,133017225847880000,,,1,0,,29,,29,12,13,1,10,2,300,300,-1,-1
133017225847880000,133017225847880000,,,1,0,,29,,29,12,15,1,10,2,300,300,-1,-1
133017225864380000,133017225847880000,133017225864380000,,1,0,,29,,29,12,22,1,10,0,300,300,300,-1
133017225865360000,133017225865360000,,,1,0,,29,,29,10,1,1,10,2,300,300,-1,-1
133017225865370000,133017225865370000,,,1,0,,29,,29,10,5,1,10,2,300,300,-1,-1
133017225865370000,133017225865370000,,,1,0,,29,,29,10,22,1,10,2,300,300,-1,-1
133017225865380000,133017225865380000,,,1,0,,29,,29,11,1,2,30,2,300,300,-1,-1
133017225865380000,133017225865380000,,,1,0,,29,,29,11,5,2,30,2,300,300,-1,-1
133017225865380000,133017225865380000,,,1,0,,29,,29,11,22,2,30,2,300,300,-1,-1
133017226698370000,133017226698370000,,,1,0,,29,,29,5,32,3,100,2,300,300,-1,-1
133017226699870000,133017226699870000,,,1,0,,29,,29,5,1,3,100,2,300,300,-1,-1
133017226724370000,133017226724370000,,,1,0,,29,,29,5,2,3,100,2,300,300,-1,-1
133017226724380000,133017226724380000,,,1,0,,29,,29,5,3,3,100,2,300,300,-1,-1
133017226724380000,133017226724380000,,,1,0,,29,,29,5,4,3,100,2,300,300,-1,-1
133017226724380000,133017226724380000,,,1,0,,29,,29,5,5,3,100,2,300,300,-1,-1
133017226724380000,133017226724380000,,,1,0,,29,,29,5,6,3,100,2,300,300,-1,-1
133017226724390000,133017226724390000,,,1,0,,29,,29,5,7,3,100,2,300,300,-1,-1
133017226724390000,133017226724390000,,,1,0,,29,,29,5,8,3,100,2,300,300,-1,-1
133017226724390000,133017226724390000,,,1,0,,29,,29,7,1,3,100,2,300,300,-1,-1
133017226724390000,133017226724390000,,,1,0,,29,,29,7,8,3,100,2,300,300,-1,-1
133017226724390000,133017226724390000,,,1,0,,29,,29,7,15,3,100,2,300,300,-1,-1
133017226724400000,133017226724400000,,,1,0,,29,,29,7,25,3,100,2,300,300,-1,-1
133017226724410000,133017226724410000,,,1,0,,29,,29,7,27,3,100,2,300,300,-1,-1
133017226724410000,133017226724410000,,,1,0,,29,,29,7,43,3,100,2,300,300,-1,-1
133017226749890000,133017226733870000,133017226749890000,,1,0,,29,,29,12,1,1,10,0,300,300,300,-1
133017226749890000,133017226733880000,133017226749890000,,1,0,,29,,29,12,5,1,10,0,300,300,300,-1
133017226733880000,133017226733880000,,,1,0,,29,,29,12,9,1,10,2,300,300,-1,-1
133017226733880000,133017226733880000,,,1,0,,29,,29,12,13,1,10,2,300,300,-1,-1
133017226733880000,133017226733880000,,,1,0,,29,,29,12,15,1,10,2,300,300,-1,-1
133017226749890000,133017226733890000,133017226749890000,,1,0,,29,,29,12,22,1,10,0,300,300,300,-1
133017227178580000,133017227178580000,,,1,0,,29,,29,5,32,3,100,2,300,300,-1,-1
133017227180070000,133017227180070000,,,1,0,,29,,29,5,1,3,100,2,300,300,-1,-1
133017227204570000,133017227204570000,,,1,0,,29,,29,5,2,3,100,2,300,300,-1,-1
133017227204580000,133017227204580000,,,1,0,,29,,29,5,3,3,100,2,300,300,-1,-1
133017227204590000,133017227204590000,,,1,0,,29,,29,5,4,3,100,2,300,300,-1,-1
133017227204590000,133017227204590000,,,1,0,,29,,29,5,5,3,100,2,300,300,-1,-1
133017227204590000,133017227204590000,,,1,0,,29,,29,5,6,3,100,2,300,300,-1,-1
133017227204590000,133017227204590000,,,1,0,,29,,29,5,7,3,100,2,300,300,-1,-1
133017227204590000,133017227204590000,,,1,0,,29,,29,5,8,3,100,2,300,300,-1,-1
133017227204600000,133017227204600000,,,1,0,,29,,29,7,1,3,100,2,300,300,-1,-1
133017227204600000,133017227204600000,,,1,0,,29,,29,7,8,3,100,2,300,300,-1,-1
133017227204600000,133017227204600000,,,1,0,,29,,29,7,15,3,100,2,300,300,-1,-1
133017227204600000,133017227204600000,,,1,0,,29,,29,7,25,3,100,2,300,300,-1,-1
133017227204610000,133017227204610000,,,1,0,,29,,29,7,27,3,100,2,300,300,-1,-1
133017227204620000,133017227204620000,,,1,0,,29,,29,7,43,3,100,2,300,300,-1,-1
133017227229600000,133017227213080000,133017227229600000,,1,0,,29,,29,12,1,1,10,0,300,300,300,-1
133017227229600000,133017227213080000,133017227229600000,,1,0,,29,,29,12,5,1,10,0,300,300,300,-1
133017231376580000,133017227213090000,133017231376580000,,1,0,,29,,29,12,9,1,10,0,300,300,300,-1
133017227213090000,133017227213090000,,,1,0,,29,,29,12,13,1,10,2,300,300,-1,-1
133017227213090000,133017227213090000,,,1,0,,29,,29,12,15,1,10,2,300,300,-1,-1
133017227229600000,133017227213090000,133017227229600000,,1,0,,29,,29,12,22,1,10,0,300,300,300,-1
133017229100080000,133017227230580000,133017229100080000,,1,0,,29,,29,10,1,1,10,0,300,300,300,-1
133017229100080000,133017227230580000,133017229100080000,,1,0,,29,,29,10,5,1,10,0,300,300,300,-1
133017229100090000,133017227230590000,133017229100090000,,1,0,,29,,29,10,22,1,10,0,300,300,300,-1
133017229100090000,133017227230590000,133017229100090000,,1,0,,29,,29,11,1,2,30,0,300,300,300,-1
133017229100100000,133017227230590000,133017229100100000,,1,0,,29,,29,11,5,2,30,0,300,300,300,-1
133017229100100000,133017227230620000,133017229100100000,,1,0,,29,,29,11,22,2,30,0,300,300,300,-1
133017233669460000,133017233669460000,,,1,0,,29,,29,5,32,3,100,2,300,300,-1,-1
133017233670960000,133017233670960000,,,1,0,,29,,29,5,1,3,100,2,300,300,-1,-1
133017233695960000,133017233695960000,,,1,0,,29,,29,5,2,3,100,2,300,300,-1,-1
133017233695960000,133017233695960000,,,1,0,,29,,29,5,3,3,100,2,300,300,-1,-1
133017233695970000,133017233695970000,,,1,0,,29,,29,5,4,3,100,2,300,300,-1,-1
133017233695970000,133017233695970000,,,1,0,,29,,29,5,5,3,100,2,300,300,-1,-1
133017233695970000,133017233695970000,,,1,0,,29,,29,5,6,3,100,2,300,300,-1,-1
133017233695970000,133017233695970000,,,1,0,,29,,29,5,7,3,100,2,300,300,-1,-1
133017233695970000,133017233695970000,,,1,0,,29,,29,5,8,3,100,2,300,300,-1,-1
133017233695980000,133017233695980000,,,1,0,,29,,29,7,1,3,100,2,300,300,-1,-1
133017233695980000,133017233695980000,,,1,0,,29,,29,7,8,3,100,2,300,300,-1,-1
133017233695980000,133017233695980000,,,1,0,,29,,29,7,15,3,100,2,300,300,-1,-1
133017233695980000,133017233695980000,,,1,0,,29,,29,7,25,3,100,2,300,300,-1,-1
133017233695980000,133017233695980000,,,1,0,,29,,29,7,27,3,100,2,300,300,-1,-1
133017233695990000,133017233695990000,,,1,0,,29,,29,7,43,3,100,2,300,300,-1,-1
133017233721480000,133017233705460000,133017233721480000,,1,0,,29,,29,12,1,1,10,0,300,300,300,-1
133017233721490000,133017233705470000,133017233721490000,,1,0,,29,,29,12,5,1,10,0,300,300,300,-1
133017233721490000,133017233705470000,133017233721490000,,1,0,,29,,29,12,9,1,10,0,300,300,300,-1
133017233705470000,133017233705470000,,,1,0,,29,,29,12,13,1,10,2,300,300,-1,-1
133017233705470000,133017233705470000,,,1,0,,29,,29,12,15,1,10,2,300,300,-1,-1
133017233721490000,133017233705480000,133017233721490000,,1,0,,29,,29,12,22,1,10,0,300,300,300,-1
133017234573460000,133017233722960000,133017234573460000,,1,0,,29,,29,10,1,1,10,0,300,300,300,-1
133017234573460000,133017233722970000,133017234573460000,,1,0,,29,,29,10,5,1,10,0,300,300,300,-1
133017234573470000,133017233722970000,133017234573470000,,1,0,,29,,29,10,9,1,10,0,300,300,300,-1
133017234573470000,133017233722970000,133017234573470000,,1,0,,29,,29,10,22,1,10,0,300,300,300,-1
133017234573470000,133017233722970000,133017234573470000,,1,0,,29,,29,11,1,2,30,0,300,300,300,-1
133017234573470000,133017233722980000,133017234573470000,,1,0,,29,,29,11,5,2,30,0,300,300,300,-1
133017234573480000,133017233722980000,133017234573480000,,1,0,,29,,29,11,9,2,30,0,300,300,300,-1
133017234573480000,133017233722980000,133017234573480000,,1,0,,29,,29,11,22,2,30,0,300,300,300,-1
133017236349040000,133017236349040000,,,1,0,,29,,29,5,32,3,100,2,300,300,-1,-1
133017236350530000,133017236350530000,,,1,0,,29,,29,5,1,3,100,2,300,300,-1,-1
133017236375540000,133017236375540000,,,1,0,,29,,29,5,2,3,100,2,300,300,-1,-1
133017236375540000,133017236375540000,,,1,0,,29,,29,5,3,3,100,2,300,300,-1,-1
133017236375550000,133017236375550000,,,1,0,,29,,29,5,4,3,100,2,300,300,-1,-1
133017236375550000,133017236375550000,,,1,0,,29,,29,5,5,3,100,2,300,300,-1,-1
133017236375550000,133017236375550000,,,1,0,,29,,29,5,6,3,100,2,300,300,-1,-1
133017236375550000,133017236375550000,,,1,0,,29,,29,5,7,3,100,2,300,300,-1,-1
133017236375550000,133017236375550000,,,1,0,,29,,29,5,8,3,100,2,300,300,-1,-1
133017236375560000,133017236375560000,,,1,0,,29,,29,7,1,3,100,2,300,300,-1,-1
133017236375560000,133017236375560000,,,1,0,,29,,29,7,8,3,100,2,300,300,-1,-1
133017236375560000,133017236375560000,,,1,0,,29,,29,7,15,3,100,2,300,300,-1,-1
133017236375560000,133017236375560000,,,1,0,,29,,29,7,25,3,100,2,300,300,-1,-1
133017236375570000,133017236375570000,,,1,0,,29,,29,7,27,3,100,2,300,300,-1,-1
133017236375580000,133017236375580000,,,1,0,,29,,29,7,43,3,100,2,300,300,-1,-1
133017236401060000,133017236385040000,133017236401060000,,1,0,,29,,29,12,1,1,10,0,300,300,300,-1
133017236401070000,133017236385050000,133017236401070000,,1,0,,29,,29,12,5,1,10,0,300,300,300,-1
133017236401070000,133017236385050000,133017236401070000,,1,0,,29,,29,12,9,1,10,0,300,300,300,-1
133017236385050000,133017236385050000,,,1,0,,29,,29,12,13,1,10,2,300,300,-1,-1
133017236385050000,133017236385050000,,,1,0,,29,,29,12,15,1,10,2,300,300,-1,-1
133017236401070000,133017236385050000,133017236401070000,,1,0,,29,,29,12,22,1,10,0,300,300,300,-1
133017236451540000,133017236402040000,133017236451540000,,1,0,,29,,29,10,1,1,10,0,300,300,300,-1
133017236451540000,133017236402040000,133017236451540000,,1,0,,29,,29,10,5,1,10,0,300,300,300,-1
133017236451550000,133017236402040000,133017236451550000,,1,0,,29,,29,10,9,1,10,0,300,300,300,-1
133017236451550000,133017236402050000,133017236451550000,,1,0,,29,,29,10,22,1,10,0,300,300,300,-1
133017236451550000,133017236402050000,133017236451550000,,1,0,,29,,29,11,1,2,30,0,300,300,300,-1
133017236451560000,133017236402050000,133017236451560000,,1,0,,29,,29,11,5,2,30,0,300,300,300,-1
133017236451560000,133017236402050000,133017236451560000,,1,0,,29,,29,11,9,2,30,0,300,300,300,-1
133017236451560000,133017236402060000,133017236451560000,,1,0,,29,,29,11,22,2,30,0,300,300,300,-1
133017238381210000,133017238381210000,,,1,0,,29,,29,5,32,3,100,2,300,300,-1,-1
133017238382210000,133017238382210000,,,1,0,,29,,29,5,1,3,100,2,300,300,-1,-1
133017238397710000,133017238397710000,,,1,0,,29,,29,5,2,3,100,2,300,300,-1,-1
133017238397710000,133017238397710000,,,1,0,,29,,29,5,3,3,100,2,300,300,-1,-1
133017238397710000,133017238397710000,,,1,0,,29,,29,5,4,3,100,2,300,300,-1,-1
133017238397720000,133017238397720000,,,1,0,,29,,29,5,5,3,100,2,300,300,-1,-1
133017238397720000,133017238397720000,,,1,0,,29,,29,5,6,3,100,2,300,300,-1,-1
133017238397720000,133017238397720000,,,1,0,,29,,29,5,7,3,100,2,300,300,-1,-1
133017238397720000,133017238397720000,,,1,0,,29,,29,5,8,3,100,2,300,300,-1,-1
133017238397720000,133017238397720000,,,1,0,,29,,29,7,1,3,100,2,300,300,-1,-1
133017238397730000,133017238397730000,,,1,0,,29,,29,7,8,3,100,2,300,300,-1,-1
133017238397730000,133017238397730000,,,1,0,,29,,29,7,15,3,100,2,300,300,-1,-1
133017238397730000,133017238397730000,,,1,0,,29,,29,7,25,3,100,2,300,300,-1,-1
133017238397730000,133017238397730000,,,1,0,,29,,29,7,27,3,100,2,300,300,-1,-1
133017238397740000,133017238397740000,,,1,0,,29,,29,7,43,3,100,2,300,300,-1,-1
133017238423210000,133017238407210000,133017238423210000,,1,0,,29,,29,12,1,1,10,0,300,300,300,-1
133017238423220000,133017238407210000,133017238423220000,,1,0,,29,,29,12,5,1,10,0,300,300,300,-1
133017238423220000,133017238407220000,133017238423220000,,1,0,,29,,29,12,9,1,10,0,300,300,300,-1
133017248254710000,133017238407220000,133017248254710000,,1,0,,29,,29,12,13,1,10,0,300,300,300,-1
133017238407220000,133017238407220000,,,1,0,,29,,29,12,15,1,10,2,300,300,-1,-1
133017238423220000,133017238407220000,133017238423220000,,1,0,,29,,29,12,22,1,10,0,300,300,300,-1
133017248265210000,133017248265210000,,,1,0,,29,,29,12,13,1,10,2,300,300,-1,-1
133017307759360000,133017307759360000,,,1,0,,29,,29,5,32,3,100,2,300,300,-1,-1
133017307760860000,133017307760860000,,,1,0,,29,,29,5,1,3,100,2,300,300,-1,-1
133017307776360000,133017307776360000,,,1,0,,29,,29,5,2,3,100,2,300,300,-1,-1
133017307776370000,133017307776370000,,,1,0,,29,,29,5,3,3,100,2,300,300,-1,-1
133017307776370000,133017307776370000,,,1,0,,29,,29,5,4,3,100,2,300,300,-1,-1
133017307776370000,133017307776370000,,,1,0,,29,,29,5,5,3,100,2,300,300,-1,-1
133017307776380000,133017307776380000,,,1,0,,29,,29,5,6,3,100,2,300,300,-1,-1
133017307776390000,133017307776390000,,,1,0,,29,,29,5,7,3,100,2,300,300,-1,-1
133017307776390000,133017307776390000,,,1,0,,29,,29,5,8,3,100,2,300,300,-1,-1
133017307776390000,133017307776390000,,,1,0,,29,,29,7,1,3,100,2,300,300,-1,-1
133017307776430000,133017307776430000,,,1,0,,29,,29,7,8,3,100,2,300,300,-1,-1
133017307776440000,133017307776440000,,,1,0,,29,,29,7,15,3,100,2,300,300,-1,-1
133017307776450000,133017307776450000,,,1,0,,29,,29,7,25,3,100,2,300,300,-1,-1
133017307776460000,133017307776460000,,,1,0,,29,,29,7,27,3,100,2,300,300,-1,-1
133017307776460000,133017307776460000,,,1,0,,29,,29,7,43,3,100,2,300,300,-1,-1
133017307808370000,133017307788370000,133017307808370000,,1,0,,29,,29,12,1,1,10,0,300,300,300,-1
133017307808370000,133017307788370000,133017307808370000,,1,0,,29,,29,12,5,1,10,0,300,300,300,-1
133017307808380000,133017307788380000,133017307808380000,,1,0,,29,,29,12,9,1,10,0,300,300,300,-1
133017336583380000,133017307788380000,133017336583380000,,1,0,,29,,29,12,13,1,10,0,300,300,300,-1
133017307788380000,133017307788380000,,,1,0,,29,,29,12,15,1,10,2,300,300,-1,-1
133017307808380000,133017307788380000,133017307808380000,,1,0,,29,,29,12,22,1,10,0,300,300,300,-1
133017313554380000,133017312945870000,133017313554380000,,1,0,,29,,29,9,1,2,30,0,300,300,300,-1
133017313554380000,133017312945870000,133017313554380000,,1,0,,29,,29,9,9,2,30,0,300,300,300,-1
133017313554380000,133017312945880000,133017313554380000,,1,0,,29,,29,9,22,2,30,0,300,300,300,-1
133017317695870000,133017313555370000,133017317695870000,,1,0,,29,,29,10,1,1,10,0,300,300,300,-1
133017317695870000,133017313555370000,133017317695870000,,1,0,,29,,29,10,9,1,10,0,300,300,300,-1
133017317695870000,133017313555370000,133017317695870000,,1,0,,29,,29,10,22,1,10,0,300,300,300,-1
133017323542860000,133017323461860000,133017323542860000,,1,0,,29,,29,10,1,1,10,0,300,300,300,-1
133017323542870000,133017323461870000,133017323542870000,,1,0,,29,,29,10,9,1,10,0,300,300,300,-1
133017323542870000,133017323461870000,133017323542870000,,1,0,,29,,29,10,22,1,10,0,300,300,300,-1
133017324070380000,133017323543870000,133017324070380000,,1,0,,29,,29,9,1,2,30,0,300,300,300,-1
133017324070380000,133017323543870000,133017324070380000,,1,0,,29,,29,9,9,2,30,0,300,300,300,-1
133017324070380000,133017323543880000,133017324070380000,,1,0,,29,,29,9,22,2,30,0,300,300,300,-1
133017326953360000,133017324071370000,133017326953360000,,1,0,,29,,29,10,1,1,10,0,300,300,300,-1
133017326953370000,133017324071370000,133017326953370000,,1,0,,29,,29,10,9,1,10,0,300,300,300,-1
133017326953370000,133017324071370000,133017326953370000,,1,0,,29,,29,10,22,1,10,0,300,300,300,-1
133017327054870000,133017326954370000,133017327054870000,,1,0,,29,,29,9,1,2,30,0,300,300,300,-1
133017327054870000,133017326954370000,133017327054870000,,1,0,,29,,29,9,9,2,30,0,300,300,300,-1
133017327054880000,133017326954380000,133017327054880000,,1,0,,29,,29,9,22,2,30,0,300,300,300,-1
133019813633020000,133019813633020000,,,1,0,,29,,29,5,32,3,100,2,300,300,-1,-1
133019813635010000,133019813635010000,,,1,0,,29,,29,5,1,3,100,2,300,300,-1,-1
133019813650010000,133019813650010000,,,1,0,,29,,29,5,2,3,100,2,300,300,-1,-1
133019813650020000,133019813650020000,,,1,0,,29,,29,5,3,3,100,2,300,300,-1,-1
133019813650020000,133019813650020000,,,1,0,,29,,29,5,4,3,100,2,300,300,-1,-1
133019813650020000,133019813650020000,,,1,0,,29,,29,5,5,3,100,2,300,300,-1,-1
133019813650020000,133019813650020000,,,1,0,,29,,29,5,6,3,100,2,300,300,-1,-1
133019813650030000,133019813650030000,,,1,0,,29,,29,5,7,3,100,2,300,300,-1,-1
133019813650030000,133019813650030000,,,1,0,,29,,29,5,8,3,100,2,300,300,-1,-1
133019813650030000,133019813650030000,,,1,0,,29,,29,7,1,3,100,2,300,300,-1,-1
133019813650030000,133019813650030000,,,1,0,,29,,29,7,8,3,100,2,300,300,-1,-1
133019813650040000,133019813650040000,,,1,0,,29,,29,7,15,3,100,2,300,300,-1,-1
133019813650040000,133019813650040000,,,1,0,,29,,29,7,25,3,100,2,300,300,-1,-1
133019813650040000,133019813650040000,,,1,0,,29,,29,7,27,3,100,2,300,300,-1,-1
133019813650050000,133019813650050000,,,1,0,,29,,29,7,43,3,100,2,300,300,-1,-1
133019813673040000,133019813653020000,133019813673040000,,1,0,,29,,29,12,1,1,10,0,300,300,300,-1
133019813673040000,133019813653020000,133019813673040000,,1,0,,29,,29,12,5,1,10,0,300,300,300,-1
133019813673040000,133019813653030000,133019813673040000,,1,0,,29,,29,12,9,1,10,0,300,300,300,-1
133019813673050000,133019813653030000,133019813673050000,,1,0,,29,,29,12,13,1,10,0,300,300,300,-1
133019813653030000,133019813653030000,,,1,0,,29,,29,12,15,1,10,2,300,300,-1,-1
133019813673050000,133019813653030000,133019813673050000,,1,0,,29,,29,12,22,1,10,0,300,300,300,-1
133019813674010000,133019813674010000,,,1,0,,29,,29,10,1,1,10,2,300,300,-1,-1
133019813674020000,133019813674020000,,,1,0,,29,,29,10,5,1,10,2,300,300,-1,-1
133019813674020000,133019813674020000,,,1,0,,29,,29,10,9,1,10,2,300,300,-1,-1
133019813674020000,133019813674020000,,,1,0,,29,,29,10,13,1,10,2,300,300,-1,-1
133019813674030000,133019813674030000,,,1,0,,29,,29,10,22,1,10,2,300,300,-1,-1
133019813674030000,133019813674030000,,,1,0,,29,,29,11,1,2,30,2,300,300,-1,-1
133019813674030000,133019813674030000,,,1,0,,29,,29,11,5,2,30,2,300,300,-1,-1
133019813674050000,133019813674050000,,,1,0,,29,,29,11,9,2,30,2,300,300,-1,-1
133019813674050000,133019813674050000,,,1,0,,29,,29,11,13,2,30,2,300,300,-1,-1
133019813674070000,133019813674070000,,,1,0,,29,,29,11,22,2,30,2,300,300,-1,-1
133019814732870000,133019814732870000,,,1,0,,29,,29,5,32,3,100,2,300,300,-1,-1
133019814733870000,133019814733870000,,,1,0,,29,,29,5,1,3,100,2,300,300,-1,-1
133019814740370000,133019814740370000,,,1,0,,29,,29,5,2,3,100,2,300,300,-1,-1
133019814740370000,133019814740370000,,,1,0,,29,,29,5,3,3,100,2,300,300,-1,-1
133019814740380000,133019814740380000,,,1,0,,29,,29,5,4,3,100,2,300,300,-1,-1
133019814740380000,133019814740380000,,,1,0,,29,,29,5,5,3,100,2,300,300,-1,-1
133019814740380000,133019814740380000,,,1,0,,29,,29,5,6,3,100,2,300,300,-1,-1
133019814740380000,133019814740380000,,,1,0,,29,,29,5,7,3,100,2,300,300,-1,-1
133019814740380000,133019814740380000,,,1,0,,29,,29,5,8,3,100,2,300,300,-1,-1
133019814740390000,133019814740390000,,,1,0,,29,,29,7,1,3,100,2,300,300,-1,-1
133019814740390000,133019814740390000,,,1,0,,29,,29,7,8,3,100,2,300,300,-1,-1
133019814740390000,133019814740390000,,,1,0,,29,,29,7,15,3,100,2,300,300,-1,-1
133019814740390000,133019814740390000,,,1,0,,29,,29,7,25,3,100,2,300,300,-1,-1
133019814740390000,133019814740390000,,,1,0,,29,,29,7,27,3,100,2,300,300,-1,-1
133019814740400000,133019814740400000,,,1,0,,29,,29,7,43,3,100,2,300,300,-1,-1
133019814772870000,133019814752870000,133019814772870000,,1,0,,29,,29,12,1,1,10,0,300,300,300,-1
133019814772880000,133019814752880000,133019814772880000,,1,0,,29,,29,12,5,1,10,0,300,300,300,-1
133019814772880000,133019814752880000,133019814772880000,,1,0,,29,,29,12,9,1,10,0,300,300,300,-1
133019814772880000,133019814752880000,133019814772880000,,1,0,,29,,29,12,13,1,10,0,300,300,300,-1
133019814752880000,133019814752880000,,,1,0,,29,,29,12,15,1,10,2,300,300,-1,-1
133019814772880000,133019814752880000,133019814772880000,,1,0,,29,,29,12,22,1,10,0,300,300,300,-1
133019816960120000,133019816960120000,,,1,0,,29,,29,5,32,3,100,2,300,300,-1,-1
133019816961610000,133019816961610000,,,1,0,,29,,29,5,1,3,100,2,300,300,-1,-1
133019816967610000,133019816967610000,,,1,0,,29,,29,5,2,3,100,2,300,300,-1,-1
133019816967610000,133019816967610000,,,1,0,,29,,29,5,3,3,100,2,300,300,-1,-1
133019816967620000,133019816967620000,,,1,0,,29,,29,5,4,3,100,2,300,300,-1,-1
133019816967620000,133019816967620000,,,1,0,,29,,29,5,5,3,100,2,300,300,-1,-1
133019816967620000,133019816967620000,,,1,0,,29,,29,5,6,3,100,2,300,300,-1,-1
133019816967620000,133019816967620000,,,1,0,,29,,29,5,7,3,100,2,300,300,-1,-1
133019816967630000,133019816967630000,,,1,0,,29,,29,5,8,3,100,2,300,300,-1,-1
133019816967630000,133019816967630000,,,1,0,,29,,29,7,1,3,100,2,300,300,-1,-1
133019816967630000,133019816967630000,,,1,0,,29,,29,7,8,3,100,2,300,300,-1,-1
133019816967630000,133019816967630000,,,1,0,,29,,29,7,15,3,100,2,300,300,-1,-1
133019816967640000,133019816967640000,,,1,0,,29,,29,7,25,3,100,2,300,300,-1,-1
133019816967640000,133019816967640000,,,1,0,,29,,29,7,27,3,100,2,300,300,-1,-1
133019816967650000,133019816967650000,,,1,0,,29,,29,7,43,3,100,2,300,300,-1,-1
133019816999660000,133019816979610000,133019816999660000,,1,0,,29,,29,12,1,1,10,0,300,300,300,-1
133019816999670000,133019816979620000,133019816999670000,,1,0,,29,,29,12,5,1,10,0,300,300,300,-1
133019816999670000,133019816979620000,133019816999670000,,1,0,,29,,29,12,9,1,10,0,300,300,300,-1
133019816999680000,133019816979620000,133019816999680000,,1,0,,29,,29,12,13,1,10,0,300,300,300,-1
133019816979630000,133019816979630000,,,1,0,,29,,29,12,15,1,10,2,300,300,-1,-1
133019816999690000,133019816979630000,133019816999690000,,1,0,,29,,29,12,22,1,10,0,300,300,300,-1
133019817080610000,133019817001110000,133019817080610000,,1,0,,29,,29,10,1,1,10,0,300,300,300,-1
133019817080620000,133019817001120000,133019817080620000,,1,0,,29,,29,10,5,1,10,0,300,300,300,-1
133019817080630000,133019817001130000,133019817080630000,,1,0,,29,,29,10,9,1,10,0,300,300,300,-1
133019817080630000,133019817001130000,133019817080630000,,1,0,,29,,29,10,13,1,10,0,300,300,300,-1
133019817080630000,133019817001130000,133019817080630000,,1,0,,29,,29,10,22,1,10,0,300,300,300,-1
133019817080630000,133019817001130000,133019817080630000,,1,0,,29,,29,11,1,2,30,0,300,300,300,-1
133019817080640000,133019817001130000,133019817080640000,,1,0,,29,,29,11,5,2,30,0,300,300,300,-1
133019817080640000,133019817001140000,133019817080640000,,1,0,,29,,29,11,9,2,30,0,300,300,300,-1
133019817080640000,133019817001140000,133019817080640000,,1,0,,29,,29,11,13,2,30,0,300,300,300,-1
133019817080640000,133019817001140000,133019817080640000,,1,0,,29,,29,11,22,2,30,0,300,300,300,-1
133019823969150000,133019823969150000,,,1,0,,29,,29,5,32,3,100,2,300,300,-1,-1
133019823970650000,133019823970650000,,,1,0,,29,,29,5,1,3,100,2,300,300,-1,-1
133019823977150000,133019823977150000,,,1,0,,29,,29,5,2,3,100,2,300,300,-1,-1
133019823977160000,133019823977160000,,,1,0,,29,,29,5,3,3,100,2,300,300,-1,-1
133019823977160000,133019823977160000,,,1,0,,29,,29,5,4,3,100,2,300,300,-1,-1
133019823977160000,133019823977160000,,,1,0,,29,,29,5,5,3,100,2,300,300,-1,-1
133019823977170000,133019823977170000,,,1,0,,29,,29,5,6,3,100,2,300,300,-1,-1
133019823977170000,133019823977170000,,,1,0,,29,,29,5,7,3,100,2,300,300,-1,-1
133019823977180000,133019823977180000,,,1,0,,29,,29,5,8,3,100,2,300,300,-1,-1
133019823977180000,133019823977180000,,,1,0,,29,,29,7,1,3,100,2,300,300,-1,-1
133019823977180000,133019823977180000,,,1,0,,29,,29,7,8,3,100,2,300,300,-1,-1
133019823977190000,133019823977190000,,,1,0,,29,,29,7,15,3,100,2,300,300,-1,-1
133019823977190000,133019823977190000,,,1,0,,29,,29,7,25,3,100,2,300,300,-1,-1
133019823977190000,133019823977190000,,,1,0,,29,,29,7,27,3,100,2,300,300,-1,-1
133019823977200000,133019823977200000,,,1,0,,29,,29,7,43,3,100,2,300,300,-1,-1
133019824009160000,133019823989160000,133019824009160000,,1,0,,29,,29,12,1,1,10,0,300,300,300,-1
133019824009160000,133019823989170000,133019824009160000,,1,0,,29,,29,12,5,1,10,0,300,300,300,-1
133019824009170000,133019823989170000,133019824009170000,,1,0,,29,,29,12,9,1,10,0,300,300,300,-1
133019824009170000,133019823989170000,133019824009170000,,1,0,,29,,29,12,13,1,10,0,300,300,300,-1
133019823989170000,133019823989170000,,,1,0,,29,,29,12,15,1,10,2,300,300,-1,-1
133019824009170000,133019823989180000,133019824009170000,,1,0,,29,,29,12,22,1,10,0,300,300,300,-1
133019824796070000,133019824796070000,,,1,0,,29,,29,5,32,3,100,2,300,300,-1,-1
133019824797060000,133019824797060000,,,1,0,,29,,29,5,1,3,100,2,300,300,-1,-1
133019824803560000,133019824803560000,,,1,0,,29,,29,5,2,3,100,2,300,300,-1,-1
133019824803570000,133019824803570000,,,1,0,,29,,29,5,3,3,100,2,300,300,-1,-1
133019824803570000,133019824803570000,,,1,0,,29,,29,5,4,3,100,2,300,300,-1,-1
133019824803580000,133019824803580000,,,1,0,,29,,29,5,5,3,100,2,300,300,-1,-1
133019824803580000,133019824803580000,,,1,0,,29,,29,5,6,3,100,2,300,300,-1,-1
133019824803580000,133019824803580000,,,1,0,,29,,29,5,7,3,100,2,300,300,-1,-1
133019824803580000,133019824803580000,,,1,0,,29,,29,5,8,3,100,2,300,300,-1,-1
133019824803580000,133019824803580000,,,1,0,,29,,29,7,1,3,100,2,300,300,-1,-1
133019824803590000,133019824803590000,,,1,0,,29,,29,7,8,3,100,2,300,300,-1,-1
133019824803590000,133019824803590000,,,1,0,,29,,29,7,15,3,100,2,300,300,-1,-1
133019824803590000,133019824803590000,,,1,0,,29,,29,7,25,3,100,2,300,300,-1,-1
133019824803590000,133019824803590000,,,1,0,,29,,29,7,27,3,100,2,300,300,-1,-1
133019824803590000,133019824803590000,,,1,0,,29,,29,7,43,3,100,2,300,300,-1,-1
133019824836070000,133019824816070000,133019824836070000,,1,0,,29,,29,12,1,1,10,0,300,300,300,-1
133019824836070000,133019824816070000,133019824836070000,,1,0,,29,,29,12,5,1,10,0,300,300,300,-1
133019824836080000,133019824816080000,133019824836080000,,1,0,,29,,29,12,9,1,10,0,300,300,300,-1
133019824836080000,133019824816080000,133019824836080000,,1,0,,29,,29,12,13,1,10,0,300,300,300,-1
133019824816080000,133019824816080000,,,1,0,,29,,29,12,15,1,10,2,300,300,-1,-1
133019824836080000,133019824816080000,133019824836080000,,1,0,,29,,29,12,22,1,10,0,300,300,300,-1
133019906027400000,133019906027400000,,,1,0,,29,,29,5,32,3,100,2,300,300,-1,-1
133019906028900000,133019906028900000,,,1,0,,29,,29,5,1,3,100,2,300,300,-1,-1
133019906034900000,133019906034900000,,,1,0,,29,,29,5,2,3,100,2,300,300,-1,-1
133019906034910000,133019906034910000,,,1,0,,29,,29,5,3,3,100,2,300,300,-1,-1
133019906034920000,133019906034920000,,,1,0,,29,,29,5,4,3,100,2,300,300,-1,-1
133019906034920000,133019906034920000,,,1,0,,29,,29,5,5,3,100,2,300,300,-1,-1
133019906034920000,133019906034920000,,,1,0,,29,,29,5,6,3,100,2,300,300,-1,-1
133019906034920000,133019906034920000,,,1,0,,29,,29,5,7,3,100,2,300,300,-1,-1
133019906034920000,133019906034920000,,,1,0,,29,,29,5,8,3,100,2,300,300,-1,-1
133019906034930000,133019906034930000,,,1,0,,29,,29,7,1,3,100,2,300,300,-1,-1
133019906034930000,133019906034930000,,,1,0,,29,,29,7,8,3,100,2,300,300,-1,-1
133019906034930000,133019906034930000,,,1,0,,29,,29,7,15,3,100,2,300,300,-1,-1
133019906034950000,133019906034950000,,,1,0,,29,,29,7,25,3,100,2,300,300,-1,-1
133019906034950000,133019906034950000,,,1,0,,29,,29,7,27,3,100,2,300,300,-1,-1
133019906034950000,133019906034950000,,,1,0,,29,,29,7,43,3,100,2,300,300,-1,-1
133019906066930000,133019906046910000,133019906066930000,,1,0,,29,,29,12,1,1,10,0,300,300,300,-1
133019906066930000,133019906046910000,133019906066930000,,1,0,,29,,29,12,5,1,10,0,300,300,300,-1
133019906066960000,133019906046920000,133019906066960000,,1,0,,29,,29,12,9,1,10,0,300,300,300,-1
133019906066960000,133019906046920000,133019906066960000,,1,0,,29,,29,12,13,1,10,0,300,300,300,-1
133019906046920000,133019906046920000,,,1,0,,29,,29,12,15,1,10,2,300,300,-1,-1
133019906066980000,133019906046920000,133019906066980000,,1,0,,29,,29,12,22,1,10,0,300,300,300,-1
133019906229400000,133019906068400000,133019906229400000,,1,0,,29,,29,10,1,1,10,0,300,300,300,-1
133019906229410000,133019906068410000,133019906229410000,,1,0,,29,,29,10,5,1,10,0,300,300,300,-1
133019906229410000,133019906068420000,133019906229410000,,1,0,,29,,29,10,9,1,10,0,300,300,300,-1
133019906229410000,133019906068420000,133019906229410000,,1,0,,29,,29,10,13,1,10,0,300,300,300,-1
133019906229420000,133019906068420000,133019906229420000,,1,0,,29,,29,10,22,1,10,0,300,300,300,-1
133019906229420000,133019906068430000,133019906229420000,,1,0,,29,,29,11,1,2,30,0,300,300,300,-1
133019906229420000,133019906068430000,133019906229420000,,1,0,,29,,29,11,5,2,30,0,300,300,300,-1
133019906229420000,133019906068430000,133019906229420000,,1,0,,29,,29,11,9,2,30,0,300,300,300,-1
133019906229420000,133019906068430000,133019906229420000,,1,0,,29,,29,11,13,2,30,0,300,300,300,-1
133019906229430000,133019906068430000,133019906229430000,,1,0,,29,,29,11,22,2,30,0,300,300,300,-1
133019908020550000,133019908020550000,,,1,0,,29,,29,5,32,3,100,2,300,300,-1,-1
133019908021550000,133019908021550000,,,1,0,,29,,29,5,1,3,100,2,300,300,-1,-1
133019908028050000,133019908028050000,,,1,0,,29,,29,5,2,3,100,2,300,300,-1,-1
133019908028060000,133019908028060000,,,1,0,,29,,29,5,3,3,100,2,300,300,-1,-1
133019908028060000,133019908028060000,,,1,0,,29,,29,5,4,3,100,2,300,300,-1,-1
133019908028060000,133019908028060000,,,1,0,,29,,29,5,5,3,100,2,300,300,-1,-1
133019908028060000,133019908028060000,,,1,0,,29,,29,5,6,3,100,2,300,300,-1,-1
133019908028060000,133019908028060000,,,1,0,,29,,29,5,7,3,100,2,300,300,-1,-1
133019908028070000,133019908028070000,,,1,0,,29,,29,5,8,3,100,2,300,300,-1,-1
133019908028070000,133019908028070000,,,1,0,,29,,29,7,1,3,100,2,300,300,-1,-1
133019908028070000,133019908028070000,,,1,0,,29,,29,7,8,3,100,2,300,300,-1,-1
133019908028070000,133019908028070000,,,1,0,,29,,29,7,15,3,100,2,300,300,-1,-1
133019908028070000,133019908028070000,,,1,0,,29,,29,7,25,3,100,2,300,300,-1,-1
133019908028080000,133019908028080000,,,1,0,,29,,29,7,27,3,100,2,300,300,-1,-1
133019908028080000,133019908028080000,,,1,0,,29,,29,7,43,3,100,2,300,300,-1,-1
133019908060050000,133019908040050000,133019908060050000,,1,0,,29,,29,12,1,1,10,0,300,300,300,-1
133019908060060000,133019908040060000,133019908060060000,,1,0,,29,,29,12,5,1,10,0,300,300,300,-1
133019908060060000,133019908040060000,133019908060060000,,1,0,,29,,29,12,9,1,10,0,300,300,300,-1
133019908060070000,133019908040070000,133019908060070000,,1,0,,29,,29,12,13,1,10,0,300,300,300,-1
133019908040070000,133019908040070000,,,1,0,,29,,29,12,15,1,10,2,300,300,-1,-1
133019908060070000,133019908040070000,133019908060070000,,1,0,,29,,29,12,22,1,10,0,300,300,300,-1
133020679161210000,133020679161210000,,,1,0,,29,,29,5,32,3,100,2,300,300,-1,-1
133020679162700000,133020679162700000,,,1,0,,29,,29,5,1,3,100,2,300,300,-1,-1
133020679169200000,133020679169200000,,,1,0,,29,,29,5,2,3,100,2,300,300,-1,-1
133020679169210000,133020679169210000,,,1,0,,29,,29,5,3,3,100,2,300,300,-1,-1
133020679169210000,133020679169210000,,,1,0,,29,,29,5,4,3,100,2,300,300,-1,-1
133020679169210000,133020679169210000,,,1,0,,29,,29,5,5,3,100,2,300,300,-1,-1
133020679169220000,133020679169220000,,,1,0,,29,,29,5,6,3,100,2,300,300,-1,-1
133020679169220000,133020679169220000,,,1,0,,29,,29,5,7,3,100,2,300,300,-1,-1
133020679169230000,133020679169230000,,,1,0,,29,,29,5,8,3,100,2,300,300,-1,-1
133020679169230000,133020679169230000,,,1,0,,29,,29,7,1,3,100,2,300,300,-1,-1
133020679169230000,133020679169230000,,,1,0,,29,,29,7,8,3,100,2,300,300,-1,-1
133020679169230000,133020679169230000,,,1,0,,29,,29,7,15,3,100,2,300,300,-1,-1
133020679169240000,133020679169240000,,,1,0,,29,,29,7,25,3,100,2,300,300,-1,-1
133020679169240000,133020679169240000,,,1,0,,29,,29,7,27,3,100,2,300,300,-1,-1
133020679169240000,133020679169240000,,,1,0,,29,,29,7,43,3,100,2,300,300,-1,-1
133020679727730000,133020679180210000,133020679727730000,,1,0,,29,,29,12,1,1,10,0,300,300,300,-1
133020679727730000,133020679180230000,133020679727730000,,1,0,,29,,29,12,5,1,10,0,300,300,300,-1
133020679727740000,133020679180230000,133020679727740000,,1,0,,29,,29,12,9,1,10,0,300,300,300,-1
133020679727740000,133020679180240000,133020679727740000,,1,0,,29,,29,12,13,1,10,0,300,300,300,-1
133020679180240000,133020679180240000,,,1,0,,29,,29,12,15,1,10,2,300,300,-1,-1
133020679727750000,133020679180240000,133020679727750000,,1,0,,29,,29,12,22,1,10,0,300,300,300,-1
133020679728700000,133020679728700000,,,1,0,,29,,29,10,1,1,10,2,300,300,-1,-1
133020679728710000,133020679728710000,,,1,0,,29,,29,10,5,1,10,2,300,300,-1,-1
133020679728710000,133020679728710000,,,1,0,,29,,29,10,9,1,10,2,300,300,-1,-1
133020679728720000,133020679728720000,,,1,0,,29,,29,10,13,1,10,2,300,300,-1,-1
133020679728720000,133020679728720000,,,1,0,,29,,29,10,22,1,10,2,300,300,-1,-1
133020679728720000,133020679728720000,,,1,0,,29,,29,11,1,2,30,2,300,300,-1,-1
133020679728730000,133020679728730000,,,1,0,,29,,29,11,5,2,30,2,300,300,-1,-1
133020679728730000,133020679728730000,,,1,0,,29,,29,11,9,2,30,2,300,300,-1,-1
133020679728730000,133020679728730000,,,1,0,,29,,29,11,13,2,30,2,300,300,-1,-1
133020679728730000,133020679728730000,,,1,0,,29,,29,11,22,2,30,2,300,300,-1,-1
133020686738880000,133020686738880000,,,1,0,,29,,29,5,32,3,100,2,300,300,-1,-1
133020686739870000,133020686739870000,,,1,0,,29,,29,5,1,3,100,2,300,300,-1,-1
133020686746370000,133020686746370000,,,1,0,,29,,29,5,2,3,100,2,300,300,-1,-1
133020686746380000,133020686746380000,,,1,0,,29,,29,5,3,3,100,2,300,300,-1,-1
133020686746380000,133020686746380000,,,1,0,,29,,29,5,4,3,100,2,300,300,-1,-1
133020686746380000,133020686746380000,,,1,0,,29,,29,5,5,3,100,2,300,300,-1,-1
133020686746390000,133020686746390000,,,1,0,,29,,29,5,6,3,100,2,300,300,-1,-1
133020686746390000,133020686746390000,,,1,0,,29,,29,5,7,3,100,2,300,300,-1,-1
133020686746390000,133020686746390000,,,1,0,,29,,29,5,8,3,100,2,300,300,-1,-1
133020686746390000,133020686746390000,,,1,0,,29,,29,7,1,3,100,2,300,300,-1,-1
133020686746390000,133020686746390000,,,1,0,,29,,29,7,8,3,100,2,300,300,-1,-1
133020686746400000,133020686746400000,,,1,0,,29,,29,7,15,3,100,2,300,300,-1,-1
133020686746400000,133020686746400000,,,1,0,,29,,29,7,25,3,100,2,300,300,-1,-1
133020686746400000,133020686746400000,,,1,0,,29,,29,7,27,3,100,2,300,300,-1,-1
133020686746400000,133020686746400000,,,1,0,,29,,29,7,43,3,100,2,300,300,-1,-1
133020686777380000,133020686757880000,133020686777380000,,1,0,,29,,29,12,1,1,10,0,300,300,300,-1
133020686777390000,133020686757880000,133020686777390000,,1,0,,29,,29,12,5,1,10,0,300,300,300,-1
133020686777400000,133020686757880000,133020686777400000,,1,0,,29,,29,12,9,1,10,0,300,300,300,-1
133020686777400000,133020686757890000,133020686777400000,,1,0,,29,,29,12,13,1,10,0,300,300,300,-1
133020686757890000,133020686757890000,,,1,0,,29,,29,12,15,1,10,2,300,300,-1,-1
133020686777400000,133020686757890000,133020686777400000,,1,0,,29,,29,12,22,1,10,0,300,300,300,-1
133020689057310000,133020689057310000,,,1,0,,29,,29,5,32,3,100,2,300,300,-1,-1
133020689058300000,133020689058300000,,,1,0,,29,,29,5,1,3,100,2,300,300,-1,-1
133020689064800000,133020689064800000,,,1,0,,29,,29,5,2,3,100,2,300,300,-1,-1
133020689064810000,133020689064810000,,,1,0,,29,,29,5,3,3,100,2,300,300,-1,-1
133020689064820000,133020689064820000,,,1,0,,29,,29,5,4,3,100,2,300,300,-1,-1
133020689064820000,133020689064820000,,,1,0,,29,,29,5,5,3,100,2,300,300,-1,-1
133020689064820000,133020689064820000,,,1,0,,29,,29,5,6,3,100,2,300,300,-1,-1
133020689064820000,133020689064820000,,,1,0,,29,,29,5,7,3,100,2,300,300,-1,-1
133020689064820000,133020689064820000,,,1,0,,29,,29,5,8,3,100,2,300,300,-1,-1
133020689064830000,133020689064830000,,,1,0,,29,,29,7,1,3,100,2,300,300,-1,-1
133020689064830000,133020689064830000,,,1,0,,29,,29,7,8,3,100,2,300,300,-1,-1
133020689064830000,133020689064830000,,,1,0,,29,,29,7,15,3,100,2,300,300,-1,-1
133020689064830000,133020689064830000,,,1,0,,29,,29,7,25,3,100,2,300,300,-1,-1
133020689064830000,133020689064830000,,,1,0,,29,,29,7,27,3,100,2,300,300,-1,-1
133020689064840000,133020689064840000,,,1,0,,29,,29,7,43,3,100,2,300,300,-1,-1
133020689096810000,133020689076810000,133020689096810000,,1,0,,29,,29,12,1,1,10,0,300,300,300,-1
133020689096810000,133020689076810000,133020689096810000,,1,0,,29,,29,12,5,1,10,0,300,300,300,-1
133020689096820000,133020689076820000,133020689096820000,,1,0,,29,,29,12,9,1,10,0,300,300,300,-1
133020689096820000,133020689076820000,133020689096820000,,1,0,,29,,29,12,13,1,10,0,300,300,300,-1
133020689076820000,133020689076820000,,,1,0,,29,,29,12,15,1,10,2,300,300,-1,-1
133020689096820000,133020689076820000,133020689096820000,,1,0,,29,,29,12,22,1,10,0,300,300,300,-1
133020731199830000,133020731199830000,,,1,0,,29,,29,5,32,3,100,2,300,300,-1,-1
133020731201320000,133020731201320000,,,1,0,,29,,29,5,1,3,100,2,300,300,-1,-1
133020731207320000,133020731207320000,,,1,0,,29,,29,5,2,3,100,2,300,300,-1,-1
133020731207330000,133020731207330000,,,1,0,,29,,29,5,3,3,100,2,300,300,-1,-1
133020731207330000,133020731207330000,,,1,0,,29,,29,5,4,3,100,2,300,300,-1,-1
133020731207340000,133020731207340000,,,1,0,,29,,29,5,5,3,100,2,300,300,-1,-1
133020731207340000,133020731207340000,,,1,0,,29,,29,5,6,3,100,2,300,300,-1,-1
133020731207340000,133020731207340000,,,1,0,,29,,29,5,7,3,100,2,300,300,-1,-1
133020731207340000,133020731207340000,,,1,0,,29,,29,5,8,3,100,2,300,300,-1,-1
133020731207340000,133020731207340000,,,1,0,,29,,29,7,1,3,100,2,300,300,-1,-1
133020731207350000,133020731207350000,,,1,0,,29,,29,7,8,3,100,2,300,300,-1,-1
133020731207350000,133020731207350000,,,1,0,,29,,29,7,15,3,100,2,300,300,-1,-1
133020731207350000,133020731207350000,,,1,0,,29,,29,7,25,3,100,2,300,300,-1,-1
133020731207350000,133020731207350000,,,1,0,,29,,29,7,27,3,100,2,300,300,-1,-1
133020731207360000,133020731207360000,,,1,0,,29,,29,7,43,3,100,2,300,300,-1,-1
133020731239330000,133020731219330000,133020731239330000,,1,0,,29,,29,12,1,1,10,0,300,300,300,-1
133020731239330000,133020731219330000,133020731239330000,,1,0,,29,,29,12,5,1,10,0,300,300,300,-1
133020731239340000,133020731219340000,133020731239340000,,1,0,,29,,29,12,9,1,10,0,300,300,300,-1
133020731239340000,133020731219340000,133020731239340000,,1,0,,29,,29,12,13,1,10,0,300,300,300,-1
133020731219340000,133020731219340000,,,1,0,,29,,29,12,15,1,10,2,300,300,-1,-1
133020731239350000,133020731219340000,133020731239350000,,1,0,,29,,29,12,22,1,10,0,300,300,300,-1
133020742144240000,133020742144240000,,,1,0,,29,,29,5,32,3,100,2,300,300,-1,-1
133020742145740000,133020742145740000,,,1,0,,29,,29,5,1,3,100,2,300,300,-1,-1
133020742152240000,133020742152240000,,,1,0,,29,,29,5,2,3,100,2,300,300,-1,-1
133020742152240000,133020742152240000,,,1,0,,29,,29,5,3,3,100,2,300,300,-1,-1
133020742152250000,133020742152250000,,,1,0,,29,,29,5,4,3,100,2,300,300,-1,-1
133020742152250000,133020742152250000,,,1,0,,29,,29,5,5,3,100,2,300,300,-1,-1
133020742152250000,133020742152250000,,,1,0,,29,,29,5,6,3,100,2,300,300,-1,-1
133020742152250000,133020742152250000,,,1,0,,29,,29,5,7,3,100,2,300,300,-1,-1
133020742152250000,133020742152250000,,,1,0,,29,,29,5,8,3,100,2,300,300,-1,-1
133020742152260000,133020742152260000,,,1,0,,29,,29,7,1,3,100,2,300,300,-1,-1
133020742152260000,133020742152260000,,,1,0,,29,,29,7,8,3,100,2,300,300,-1,-1
133020742152260000,133020742152260000,,,1,0,,29,,29,7,15,3,100,2,300,300,-1,-1
133020742152260000,133020742152260000,,,1,0,,29,,29,7,25,3,100,2,300,300,-1,-1
133020742152260000,133020742152260000,,,1,0,,29,,29,7,27,3,100,2,300,300,-1,-1
133020742152270000,133020742152270000,,,1,0,,29,,29,7,43,3,100,2,300,300,-1,-1
133020742184240000,133020742164240000,133020742184240000,,1,0,,29,,29,12,1,1,10,0,300,300,300,-1
133020742184250000,133020742164250000,133020742184250000,,1,0,,29,,29,12,5,1,10,0,300,300,300,-1
133020742184250000,133020742164250000,133020742184250000,,1,0,,29,,29,12,9,1,10,0,300,300,300,-1
133020742184250000,133020742164250000,133020742184250000,,1,0,,29,,29,12,13,1,10,0,300,300,300,-1
133020742164250000,133020742164250000,,,1,0,,29,,29,12,15,1,10,2,300,300,-1,-1
133020742184250000,133020742164260000,133020742184250000,,1,0,,29,,29,12,22,1,10,0,300,300,300,-1
133021544769770000,133021544769770000,,,1,0,,29,,29,5,32,3,100,2,300,300,-1,-1
133021544771760000,133021544771760000,,,1,0,,29,,29,5,1,3,100,2,300,300,-1,-1
133021544777760000,133021544777760000,,,1,0,,29,,29,5,2,3,100,2,300,300,-1,-1
133021544777770000,133021544777770000,,,1,0,,29,,29,5,3,3,100,2,300,300,-1,-1
133021544777770000,133021544777770000,,,1,0,,29,,29,5,4,3,100,2,300,300,-1,-1
133021544777780000,133021544777780000,,,1,0,,29,,29,5,5,3,100,2,300,300,-1,-1
133021544777780000,133021544777780000,,,1,0,,29,,29,5,6,3,100,2,300,300,-1,-1
133021544777780000,133021544777780000,,,1,0,,29,,29,5,7,3,100,2,300,300,-1,-1
133021544777780000,133021544777780000,,,1,0,,29,,29,5,8,3,100,2,300,300,-1,-1
133021544777790000,133021544777790000,,,1,0,,29,,29,7,1,3,100,2,300,300,-1,-1
133021544777790000,133021544777790000,,,1,0,,29,,29,7,8,3,100,2,300,300,-1,-1
133021544777790000,133021544777790000,,,1,0,,29,,29,7,15,3,100,2,300,300,-1,-1
133021544777790000,133021544777790000,,,1,0,,29,,29,7,25,3,100,2,300,300,-1,-1
133021544777790000,133021544777790000,,,1,0,,29,,29,7,27,3,100,2,300,300,-1,-1
133021544777800000,133021544777800000,,,1,0,,29,,29,7,43,3,100,2,300,300,-1,-1
133021544808270000,133021544788770000,133021544808270000,,1,0,,29,,29,12,1,1,10,0,300,300,300,-1
133021544808270000,133021544788770000,133021544808270000,,1,0,,29,,29,12,5,1,10,0,300,300,300,-1
133021544808270000,133021544788780000,133021544808270000,,1,0,,29,,29,12,9,1,10,0,300,300,300,-1
133021544808280000,133021544788780000,133021544808280000,,1,0,,29,,29,12,13,1,10,0,300,300,300,-1
133021544788780000,133021544788780000,,,1,0,,29,,29,12,15,1,10,2,300,300,-1,-1
133021544808280000,133021544788780000,133021544808280000,,1,0,,29,,29,12,22,1,10,0,300,300,300,-1
133021545974290000,133021545974290000,,,1,0,,29,,29,5,32,3,100,2,300,300,-1,-1
133021545975280000,133021545975280000,,,1,0,,29,,29,5,1,3,100,2,300,300,-1,-1
133021545981780000,133021545981780000,,,1,0,,29,,29,5,2,3,100,2,300,300,-1,-1
133021545981790000,133021545981790000,,,1,0,,29,,29,5,3,3,100,2,300,300,-1,-1
133021545981790000,133021545981790000,,,1,0,,29,,29,5,4,3,100,2,300,300,-1,-1
133021545981790000,133021545981790000,,,1,0,,29,,29,5,5,3,100,2,300,300,-1,-1
133021545981800000,133021545981800000,,,1,0,,29,,29,5,6,3,100,2,300,300,-1,-1
133021545981800000,133021545981800000,,,1,0,,29,,29,5,7,3,100,2,300,300,-1,-1
133021545981800000,133021545981800000,,,1,0,,29,,29,5,8,3,100,2,300,300,-1,-1
133021545981800000,133021545981800000,,,1,0,,29,,29,7,1,3,100,2,300,300,-1,-1
133021545981800000,133021545981800000,,,1,0,,29,,29,7,8,3,100,2,300,300,-1,-1
133021545981810000,133021545981810000,,,1,0,,29,,29,7,15,3,100,2,300,300,-1,-1
133021545981810000,133021545981810000,,,1,0,,29,,29,7,25,3,100,2,300,300,-1,-1
133021545981810000,133021545981810000,,,1,0,,29,,29,7,27,3,100,2,300,300,-1,-1
133021545981820000,133021545981820000,,,1,0,,29,,29,7,43,3,100,2,300,300,-1,-1
133021546012790000,133021545993290000,133021546012790000,,1,0,,29,,29,12,1,1,10,0,300,300,300,-1
133021546012790000,133021545993300000,133021546012790000,,1,0,,29,,29,12,5,1,10,0,300,300,300,-1
133021546012800000,133021545993300000,133021546012800000,,1,0,,29,,29,12,9,1,10,0,300,300,300,-1
133021546012800000,133021545993300000,133021546012800000,,1,0,,29,,29,12,13,1,10,0,300,300,300,-1
133021545993300000,133021545993300000,,,1,0,,29,,29,12,15,1,10,2,300,300,-1,-1
133021546012800000,133021545993300000,133021546012800000,,1,0,,29,,29,12,22,1,10,0,300,300,300,-1
133021548828630000,133021548828630000,,,1,0,,29,,29,5,32,3,100,2,300,300,-1,-1
133021548830120000,133021548830120000,,,1,0,,29,,29,5,1,3,100,2,300,300,-1,-1
133021548836120000,133021548836120000,,,1,0,,29,,29,5,2,3,100,2,300,300,-1,-1
133021548836130000,133021548836130000,,,1,0,,29,,29,5,3,3,100,2,300,300,-1,-1
133021548836130000,133021548836130000,,,1,0,,29,,29,5,4,3,100,2,300,300,-1,-1
133021548836140000,133021548836140000,,,1,0,,29,,29,5,5,3,100,2,300,300,-1,-1
133021548836140000,133021548836140000,,,1,0,,29,,29,5,6,3,100,2,300,300,-1,-1
133021548836140000,133021548836140000,,,1,0,,29,,29,5,7,3,100,2,300,300,-1,-1
133021548836140000,133021548836140000,,,1,0,,29,,29,5,8,3,100,2,300,300,-1,-1
133021548836140000,133021548836140000,,,1,0,,29,,29,7,1,3,100,2,300,300,-1,-1
133021548836150000,133021548836150000,,,1,0,,29,,29,7,8,3,100,2,300,300,-1,-1
133021548836150000,133021548836150000,,,1,0,,29,,29,7,15,3,100,2,300,300,-1,-1
133021548836150000,133021548836150000,,,1,0,,29,,29,7,25,3,100,2,300,300,-1,-1
133021548836150000,133021548836150000,,,1,0,,29,,29,7,27,3,100,2,300,300,-1,-1
133021548836160000,133021548836160000,,,1,0,,29,,29,7,43,3,100,2,300,300,-1,-1
133021548868130000,133021548848130000,133021548868130000,,1,0,,29,,29,12,1,1,10,0,300,300,300,-1
133021548868130000,133021548848130000,133021548868130000,,1,0,,29,,29,12,5,1,10,0,300,300,300,-1
133021548868140000,133021548848140000,133021548868140000,,1,0,,29,,29,12,9,1,10,0,300,300,300,-1
133021548868140000,133021548848140000,133021548868140000,,1,0,,29,,29,12,13,1,10,0,300,300,300,-1
133021548848140000,133021548848140000,,,1,0,,29,,29,12,15,1,10,2,300,300,-1,-1
133021548868140000,133021548848140000,133021548868140000,,1,0,,29,,29,12,22,1,10,0,300,300,300,-1
133021550017340000,133021550017340000,,,1,0,,29,,29,5,32,3,100,2,300,300,-1,-1
133021550018840000,133021550018840000,,,1,0,,29,,29,5,1,3,100,2,300,300,-1,-1
133021550025340000,133021550025340000,,,1,0,,29,,29,5,2,3,100,2,300,300,-1,-1
133021550025340000,133021550025340000,,,1,0,,29,,29,5,3,3,100,2,300,300,-1,-1
133021550025350000,133021550025350000,,,1,0,,29,,29,5,4,3,100,2,300,300,-1,-1
133021550025350000,133021550025350000,,,1,0,,29,,29,5,5,3,100,2,300,300,-1,-1
133021550025350000,133021550025350000,,,1,0,,29,,29,5,6,3,100,2,300,300,-1,-1
133021550025350000,133021550025350000,,,1,0,,29,,29,5,7,3,100,2,300,300,-1,-1
133021550025350000,133021550025350000,,,1,0,,29,,29,5,8,3,100,2,300,300,-1,-1
133021550025360000,133021550025360000,,,1,0,,29,,29,7,1,3,100,2,300,300,-1,-1
133021550025360000,133021550025360000,,,1,0,,29,,29,7,8,3,100,2,300,300,-1,-1
133021550025360000,133021550025360000,,,1,0,,29,,29,7,15,3,100,2,300,300,-1,-1
133021550025360000,133021550025360000,,,1,0,,29,,29,7,25,3,100,2,300,300,-1,-1
133021550025370000,133021550025370000,,,1,0,,29,,29,7,27,3,100,2,300,300,-1,-1
133021550025370000,133021550025370000,,,1,0,,29,,29,7,43,3,100,2,300,300,-1,-1
133021550057340000,133021550037340000,133021550057340000,,1,0,,29,,29,12,1,1,10,0,300,300,300,-1
133021550057350000,133021550037350000,133021550057350000,,1,0,,29,,29,12,5,1,10,0,300,300,300,-1
133021550057350000,133021550037350000,133021550057350000,,1,0,,29,,29,12,9,1,10,0,300,300,300,-1
133021550057350000,133021550037360000,133021550057350000,,1,0,,29,,29,12,13,1,10,0,300,300,300,-1
133021550037370000,133021550037370000,,,1,0,,29,,29,12,15,1,10,2,300,300,-1,-1
133021550057360000,133021550037370000,133021550057360000,,1,0,,29,,29,12,22,1,10,0,300,300,300,-1
133021551184660000,133021551184660000,,,1,0,,29,,29,5,32,3,100,2,300,300,-1,-1
133021551186160000,133021551186160000,,,1,0,,29,,29,5,1,3,100,2,300,300,-1,-1
133021551241660000,133021551241660000,,,1,0,,29,,29,5,2,3,100,2,300,300,-1,-1
133021551241660000,133021551241660000,,,1,0,,29,,29,5,3,3,100,2,300,300,-1,-1
133021551241660000,133021551241660000,,,1,0,,29,,29,5,4,3,100,2,300,300,-1,-1
133021551241670000,133021551241670000,,,1,0,,29,,29,5,5,3,100,2,300,300,-1,-1
133021551241670000,133021551241670000,,,1,0,,29,,29,5,6,3,100,2,300,300,-1,-1
133021551241670000,133021551241670000,,,1,0,,29,,29,5,7,3,100,2,300,300,-1,-1
133021551241670000,133021551241670000,,,1,0,,29,,29,5,8,3,100,2,300,300,-1,-1
133021551241680000,133021551241680000,,,1,0,,29,,29,7,1,3,100,2,300,300,-1,-1
133021551241680000,133021551241680000,,,1,0,,29,,29,7,8,3,100,2,300,300,-1,-1
133021551241680000,133021551241680000,,,1,0,,29,,29,7,15,3,100,2,300,300,-1,-1
133021551241680000,133021551241680000,,,1,0,,29,,29,7,25,3,100,2,300,300,-1,-1
133021551241680000,133021551241680000,,,1,0,,29,,29,7,27,3,100,2,300,300,-1,-1
133021551241690000,133021551241690000,,,1,0,,29,,29,7,43,3,100,2,300,300,-1,-1
133021551274660000,133021551254160000,133021551274660000,,1,0,,29,,29,12,1,1,10,0,300,300,300,-1
133021551274670000,133021551254180000,133021551274670000,,1,0,,29,,29,12,5,1,10,0,300,300,300,-1
133021551274670000,133021551254190000,133021551274670000,,1,0,,29,,29,12,9,1,10,0,300,300,300,-1
133021551274670000,133021551254190000,133021551274670000,,1,0,,29,,29,12,13,1,10,0,300,300,300,-1
133021551254190000,133021551254190000,,,1,0,,29,,29,12,15,1,10,2,300,300,-1,-1
133021551274680000,133021551254190000,133021551274680000,,1,0,,29,,29,12,22,1,10,0,300,300,300,-1
133021552869030000,133021552869030000,,,1,0,,29,,29,5,32,3,100,2,300,300,-1,-1
133021552870520000,133021552870520000,,,1,0,,29,,29,5,1,3,100,2,300,300,-1,-1
133021552880520000,133021552880520000,,,1,0,,29,,29,5,2,3,100,2,300,300,-1,-1
133021552880530000,133021552880530000,,,1,0,,29,,29,5,3,3,100,2,300,300,-1,-1
133021552880540000,133021552880540000,,,1,0,,29,,29,5,4,3,100,2,300,300,-1,-1
133021552880540000,133021552880540000,,,1,0,,29,,29,5,5,3,100,2,300,300,-1,-1
133021552880540000,133021552880540000,,,1,0,,29,,29,5,6,3,100,2,300,300,-1,-1
133021552880540000,133021552880540000,,,1,0,,29,,29,5,7,3,100,2,300,300,-1,-1
133021552880540000,133021552880540000,,,1,0,,29,,29,5,8,3,100,2,300,300,-1,-1
133021552880550000,133021552880550000,,,1,0,,29,,29,7,1,3,100,2,300,300,-1,-1
133021552880550000,133021552880550000,,,1,0,,29,,29,7,8,3,100,2,300,300,-1,-1
133021552880550000,133021552880550000,,,1,0,,29,,29,7,15,3,100,2,300,300,-1,-1
133021552880560000,133021552880560000,,,1,0,,29,,29,7,25,3,100,2,300,300,-1,-1
133021552880570000,133021552880570000,,,1,0,,29,,29,7,27,3,100,2,300,300,-1,-1
133021552880580000,133021552880580000,,,1,0,,29,,29,7,43,3,100,2,300,300,-1,-1
133021552912520000,133021552892530000,133021552912520000,,1,0,,29,,29,12,1,1,10,0,300,300,300,-1
133021552912530000,133021552892540000,133021552912530000,,1,0,,29,,29,12,5,1,10,0,300,300,300,-1
133021552912540000,133021552892540000,133021552912540000,,1,0,,29,,29,12,9,1,10,0,300,300,300,-1
133021552912540000,133021552892540000,133021552912540000,,1,0,,29,,29,12,13,1,10,0,300,300,300,-1
133021555965520000,133021552892540000,133021555965520000,,1,0,,29,,29,12,15,1,10,0,300,300,300,-1
133021552912540000,133021552892550000,133021552912540000,,1,0,,29,,29,12,22,1,10,0,300,300,300,-1
133021557049710000,133021557049710000,,,1,0,,29,,29,5,32,3,100,2,300,300,-1,-1
133021557051210000,133021557051210000,,,1,0,,29,,29,5,1,3,100,2,300,300,-1,-1
133021557061710000,133021557061710000,,,1,0,,29,,29,5,2,3,100,2,300,300,-1,-1
133021557061710000,133021557061710000,,,1,0,,29,,29,5,3,3,100,2,300,300,-1,-1
133021557061720000,133021557061720000,,,1,0,,29,,29,5,4,3,100,2,300,300,-1,-1
133021557061720000,133021557061720000,,,1,0,,29,,29,5,5,3,100,2,300,300,-1,-1
133021557061720000,133021557061720000,,,1,0,,29,,29,5,6,3,100,2,300,300,-1,-1
133021557061720000,133021557061720000,,,1,0,,29,,29,5,7,3,100,2,300,300,-1,-1
133021557061720000,133021557061720000,,,1,0,,29,,29,5,8,3,100,2,300,300,-1,-1
133021557061730000,133021557061730000,,,1,0,,29,,29,7,1,3,100,2,300,300,-1,-1
133021557061730000,133021557061730000,,,1,0,,29,,29,7,8,3,100,2,300,300,-1,-1
133021557061740000,133021557061740000,,,1,0,,29,,29,7,15,3,100,2,300,300,-1,-1
133021557061740000,133021557061740000,,,1,0,,29,,29,7,25,3,100,2,300,300,-1,-1
133021557061740000,133021557061740000,,,1,0,,29,,29,7,27,3,100,2,300,300,-1,-1
133021557061740000,133021557061740000,,,1,0,,29,,29,7,43,3,100,2,300,300,-1,-1
133021557093710000,133021557073710000,133021557093710000,,1,0,,29,,29,12,1,1,10,0,300,300,300,-1
133021557093720000,133021557073720000,133021557093720000,,1,0,,29,,29,12,5,1,10,0,300,300,300,-1
133021557093720000,133021557073720000,133021557093720000,,1,0,,29,,29,12,9,1,10,0,300,300,300,-1
133021557093720000,133021557073720000,133021557093720000,,1,0,,29,,29,12,13,1,10,0,300,300,300,-1
133021557093730000,133021557073720000,133021557093730000,,1,0,,29,,29,12,15,1,10,0,300,300,300,-1
133021557093730000,133021557073730000,133021557093730000,,1,0,,29,,29,12,22,1,10,0,300,300,300,-1
133014715044010000,133014715044010000,,,1,0,,29,,29,5,32,3,100,2,300,300,-1,-1
133014720219010000,133014720215010000,133014720219010000,,1,0,,29,,29,12,1,1,10,0,300,300,300,-1
